App no.	RECIPIENT	DEP	PUBLISHER	JOURNAL	TITLE	Invoice No.	AMOUNT REQ
WT 12-13 001	Dr Francis Jiggins	Genetics	Public Library of Science	PLoS One	"Genome-wide association studies reveal a simple genetic basis of resistance to naturally coevolving viruses in Drosophila melanogaster
"	PC 764556	£1,681.62
WT 12-13 002	Dr Vanessa Heggie	History and Philosophy of Science	Cambridge University Press	British Journal of the History of Science	Experimental physiology, Everest and oxygen: from the ghastly kitchens to the gasping lung	JN 751590	£850.00
WT 12-13 004	Professor Bill Harris	Physiology, Development and Neuroscience	Elsevier	Neuron	How variable clones build an invariant retina		£3,571.23
WT 12-13 005	Dr Andrew Firth	Pathology	National Academy of Sciences, USA	PNAS	Efficient -2 frameshifting by mammalian ribosomes to synthesize an additional arterivirus protein	PK 761115	£725.40
WT 12-13 006	Dr Daniel Davis	Public Health and Primary Care	Karger	Neuroepidemiology	Patent foramen ovale, ischemic stroke and migraine: systematic review and stratified meta-analysis of association studies	RH 749836 and PH 755673	£2,491.18
WT 12-13 007	Dr Hannah Newton	History and Philosophy of Science	Oxford University Press	Social History of Medicine	Children's physic: medical perceptions and treatment of sick children in early modern England, c. 1580-1720	JN 744814	£2,040.00
WT 12-13 008	Dr James Traherne	Cambridge Institute for Medical Research	Cold Spring Harbor Laboratory Press	Genome Research	Copy number variation leads to considerable diversity for B but not A haplotypes of the human KIR genes encoding NK cell receptors	PK 783061	£1,491.24
WT 12-13 009	Professor Ian Goodyer	Psychiatry	Wiley-Blackwell	Journal of Child Psychology and Psychiatry	Brain structure abnormalities in adolescent girls with Conduct Disorder	RN 746303	£2,232.00
WT 12-13 010	Dr Nicholas Walsh	Psychiatry	Elsevier	NeuroImage	5-HTTLPR – environment interplay and its effects on neural reactivity in adolescents	RN 746303	£2,280.14
WT 12-13 011	Professor Chris Huang	Physiology, Development and Neuroscience	Elsevier	Journal of Mechanisms of Ageing and Development	Frequency distribution analysis of activation times and regional fibrosis in murine Scn5a+/- hearts: the effects of ageing and sex 	PM 784685	£2,696.34
WT 12-13 012	Dr James Kirkbride	Psychiatry	Wiley-Blackwell	International Journal of Methods in Psychiatric Research	Meta-analytic approaches to determine gender differences in the age-incidence characteristics of schizophrenia and related psychoses		£964.26
WT 12-13 013	Dr Adrian Kelly	Pathology	American Society for Biochemistry and Molecular Biology	Journal of Biological Chemistry	Structural Requirements for Recognition of Major Histocompatibility Complex Class II by Membrane-associated RING-CH (MARCH) Protein E3 Ligases	PK768686	£1,137.51
WT 12-13 014	Dr Lewis Evans	Pathology	Wiley-Blackwell	FEMS Microbiology Letters	Selective binding of virulence type III export chaperones by FliJ escort orthologues InvI and YscO.	PK 745428 and PK 749744	£2,275.02
WT 12-13 015	Dr Golam Khandaker	Psychiatry	Elsevier	Schizophrenia Research	Childhood infection and adult schizophrenia: A meta-analysis of population-based studies	RN 746273	£2,222.09
WT 12-13 016	Dr Golam Khandaker	Psychiatry	Elsevier	Schizophrenia Research	A quantitative meta-analysis of population-based studies of premorbid intelligence and schizophrenia	RN 746273	£2,222.09
WT 12-13 017	Dr Golam Khandaker	Psychiatry	Wiley-Blackwell	Journal of Evaluation in Clinical Practice	Evaluating care pathways for community psychiatry in England: a qualitative study	RN 746273	£2,275.02
WT 12-13 018	Dr Golam Khandaker	Psychiatry	Wiley-Blackwell	Obesity Reviews	Does maternal body mass index during pregnancy influence risk of schizophrenia in the adult offspring?	RN 746273	£2,275.02
WT 12-13 019	Dr Folma Buss	Cambridge Institute for Medical Research	Elsevier	Cellular Signalling	Functional roles for myosin 1c in cellular signalling pathways	SG 743853	£2,267.26
WT 12-13 020	Professor John Trowsdale	Pathology	Wiley-Blackwell	European Journal of Immunology	"Detection of weak receptor-ligand interactions using IgM and J-chain-based fusion proteins
"		£1,850.91
WT 12-13 021	Dr Katrin Ottersbach	Stem Cell Institute	Elsevier	Cell Stem Cell	Signalling from the sympathetic nervous system regulates hematopoietic stem cell emergence during embryogenesis	PS 744139	£3,716.09
WT 12-13 022	Dr Colin Fitzsimmons	Pathology	American Society for Microbiology	Infection and Immunity	Progressive cross-reactivity in IgE responses: an explanation for the slow development of human immunity to schistosomiasis	PK 761119	£2,249.43
WT 12-13 023	Professor Mike Edwardson	Pharmacology	American Society for Biochemistry and Molecular Biology	Journal of Biological Chemistry	The sigma-1 receptor binds to the Nav1.5 voltage gated Na+ channel with four-fold symmetry	PL 745003	£955.00
WT 12-13 024	Dr Julie Ahringer	Gurdon Institute	Public Library of Science	PLoS Genetics	H4K20me 1 contributes to down regulation of X-linked genes for C. elegans dosage compensation	PR 745695	£1,721.72
WT 12-13 025	Professor Chris Abell	Chemistry	Wiley-Blackwell	Angewandte Chemie International Edition	Using ligand-mapping simulations to design a ligand selectively targeting a cryptic surface pocket of Polo-like kinase 1	MA 749976	£2,437.19
WT 12-13 026	Professor Chris Abell	Chemistry	Wiley-Blackwell	Angewandte Chemie International Edition	High-throughput interrogation of ligand binding mode using a fluorescence-based assay	MA 749976	£2,437.19
WT 12-13 027	Professor Chris Abell	Chemistry	Wiley-Blackwell	Angewandte Chemie International Edition	From crystal-packing to molecular recognition: prediction and discovery of a binding site on the surface of Polo-like Kinase 1	MA 749976	£2,437.19
WT 12-13 028	Professor David Ron	Institute of Metabolic Science	Elsevier	Molecular Cell	Endoplasmic reticulum thiol oxidase deficiency leads to ascorbic acid depletion and non-canonical scurvy in mice	RG 745925	£3,722.39
WT 12-13 029	Professor Magdalena Zernicka-Goetz	Gurdon Institute	Elsevier	Cell Reports	Developmental plasticity inbound by pluripotency and the FUF2Wnt signalling pathways	PR 747054 and PR 768487	£3,720.01
WT 12-13 030	Dr Sergey Nejentsev	Medicine	Oxford University Press	Bioinformatics	A robust model for read count data in exome sequencing experiments and implications for copy number variant calling	RC 747396	£2,040.00
WT 12-13 031	Dr Francis Jiggins	Genetics	Public Library of Science	PLoS Genetics	"Population genomics of the Wolbachia endosymbiont in Drosophila
melanogaster
"	PC 766325	£750.71
WT 12-13 032	Dr Folma Buss	Cambridge Institute for Medical Research	American Society for Biochemistry and Molecular Biology	Journal of Biological Chemistry	Dynamic exchange of myosin VI on endocytic structures	SG 748136 and SG 756222	£1,119.61
WT 12-13 033	Dr Margaret Robinson	Cambridge Institute for Medical Research	Elsevier	Current Biology	Distinct and overlapping roles for AP-1 and GGAs revealed by the 'knocksideways' system	SG 748136	£3,830.32
WT 12-13 034	Professor Robin Franklin	Wellcome Trust Centre for Stem Cell Research	Oxford University Press	Brain	Autologous olfactory mucosal cell transplants in clinical spinal cord injury: a randomized, double-blinded trial in a canine translational model	PS 749018	£2,040.00
WT 12-13 035	Central Library	Central Library		Nucleic Acids Research	Nucleic acids research subscription	VG 748966	£2,868.01
WT 12-13 036	Dr Anton Wutz	Wellcome Trust Centre for Stem Cell Research	Springer	Cellular and Molecular Cell Sciences	Reactivation of the inactive X chromosome in development and reprogramming	PS 749591 and PS 750109	£1,918.46
WT 12-13 037	Dr Fabian Grabenhorst	Physiology, Development and Neuroscience	National Academy of Sciences, USA	Proceedings of the National Academy of Sciences	Prediction of economic choice by primate amygdala neurons	PM 784685	£732.25
WT 12-13 038	Dr Romola Davenport	Geography	Wiley-Blackwell	Economic History Review	The decline of adult smallpox in eighteenth-century London	LC 758670	£1,901.02
WT 12-13 039	Dr M Gangloff	Biochemistry	Elsevier	Structure	Functional Insights from the Crystal Structure of the N-Terminal Domain of the Prototypical Toll Receptor	PH 750332	£3,832.72
WT 12-13 040	Dr Caroline Robertson	Psychiatry	Public Library of Science	PLoS One	Atypical integration of motion signals in autism spectrum conditions	RN 785939	£1,008.97
WT 12-13 041	Dr Markus Ralser	Biochemistry	Impact Journals LLC	Oncotarget	Pyruvate kinase is a dosage-dependent regulator of cellular amino acid homeostasis	PH 750674	£1,301.25
WT 12-13 042	Dr James Kirkbride	Psychiatry	Oxford University Press	Schizophrenia Bulletin	Social deprivation, inequality and the neighbourhood-level incidence of psychotic syndromes in East London		
WT 12-13 043	Dr Lora Heisler	Pharmacology	The Endocrine Society	Endocrinology	Neurochemical characterization of body weight-regulating leptin receptor neurons in the nucleus of the solitary tract	PL 750291 and PL 751754	£2,247.02
WT 12-13 044	Dr Lisa Ronan	Psychiatry	Elsevier	Neuroimage	Consistency and interpretation of changes in millimeter-scale cortical intrinsic curvature across three independent datasets in schizophrenia	RN 746307	£2,142.80
WT 12-13 045	Dr James W Moore	Psychiatry	Elsevier	Neurophysiologia	Time, action and psychosis: Using subjective time to investigate the effects of ketamine on sense of urgency	RN 746307	£2,142.80
WT 12-13 046	Dr Ben Luisi	Biochemistry	Oxford University Press	Nucleic Acids Research	Identification and classification of bacterial Type III toxin-anti-toxin systems encoded in chromosomal and plasmid genomes	PH 751108	£852.00
WT 12-13 047	Eric Miska	Gurdon Institute	Elsevier	Cell	piRNAs can trigger a multigenerational epigeneitc memory in the gernline of C. elegans	PR 751153	£533.58
WT 12-13 048	Eugenia Piddini	Gurdon Institute	Portland Press	Essays in Biochemistry	Cells wars: regulation of cell survival and proliferation by cell competition	PR 751153	£270.00
WT 12-13 049	Colin Taylor	N/A	N/A	N/A	Tax costs for WT 11-12 157 'Identification and analysis of cation channel homologues in human pathogenic fungi'	PL 752567	£173.44
WT 12-13 050	Bertie Gottgens	Stem Cell Institute	Elsevier	Experimental Hematology	Gene Set Control Analysis (GSCA) predicts haematopoietic control mechanisms from genome-wide transcription factor binding data	PS 753063	£2,328.24
WT 12-13 051	Mark Carrington	Biochemistry	Public Library of Science	PLoS One	Differential localization of the two T. brucei Poly(A) binding proteins to the nucleus and RNP granules suggests binding to distinct mRNA pools	PH 754146	£1,005.96
WT 12-13 052	Heather Harding, Alisa Zyranova, David Ron (PI)	Institute of Metabolic Science	American Society for Biochemistry and Molecular Biology	Journal of Biological Chemistry	Uncoupling proteostasis and development in vitro with a small molecule inhibitor of the pancreatic endoplasmic reticulum kinase, PERK	RG 753179 and RG 768828	£1,131.01
WT 12-13 053	Dr Marko Hyvonnen	Biochemistry	BioMed Central	Journal of Cheminformatics	USRCAT: Ultrafast Shape Recognition with pharmacophoric constraints	PH 755302	£882.12
WT 12-13 054	Dr Marko Hyvonnen	Biochemistry	Wiley-Blackwell	ChemBioChem	Using a fragment-based approach to target protein-protein interactions	PH 755305	£2,048.93
WT 12-13 055	Dr Lisa Saksida	Psychology	Elsevier	Neurobiology of Aging	A touch screen-automated cognitive test battery reveals impaired attention, memory abnormalities, and increased response inhibition in the TgCRND8 mouse model of Alzheimer's disease	PJ 756189	£2,292.64
WT 12-13 056	Dr Hannah Siddle	Pathology	Elsevier	Molecular Immunology	A tale of two tumours: comparison of the immune escape strategies of contagious cancers	PK 754162	£2,302.13
WT 12-13 057	Dr Matthew Hoare	Medicine	Elsevier	Journal of Hepatology	Gamma H2AX+CD8+ T-lymphocytes cannot respond to Interferon-alpha, Il-2 or Il-6 in chronic hepatitis C virus infection	RC 783974	£2,328.24
WT 12-13 058	Professor John Trowsdale	Pathology	Wiley-Blackwell	European Journal of Immunology	Salmonella polarises peptide-MHC-II presentation towards an unconventional Type B CD4+ T-cell response	PK 789782	£2,320.19
WT 12-13 059	Dr Tom Monie	Biochemistry	Federation of American Societies for Experimental Biology	FASEB Journal	The immunoglobulin domain of the sodium channel β3 subunit contains a surface-localized disulfide bond that is required for homophilic binding	PH 756702	£1,866.72
WT 12-13 060	Dr Luca Pellegrini	Biochemistry	Portland Press	Biochemical Society Transactions	End-resection at DNA double-strand breaks in the three domains of life	PH 756703	£900.00
WT 12-13 061	Professor Mark Carrington	Biochemistry	National Academy of Sciences, USA	Proceedings of the National Academy of Sciences	Structure of the trypanosome haptoglobin haemoglobin receptor and implications for nutrient uptake and innate immunity		
WT 12-13 062	Professor Sharon Peacock	Medicine	Public Library of Science	PLoS One	"Host responses to melioidosis and tuberculosis are both dominated by
interferon-mediated signalling"	RC 758232	£830.05
WT 12-13 063	Professor Jim Kaufman	Pathology	Elsevier	Molecular Immunology	Antigen processing and presentation: evolution from a bird's eye view	PK 755764	£2,282.76
WT 12-13 064	Dr Christoph Teufel and Professor Paul Fletcher	Psychiatry	Frontiers Media	Frontiers in Integrative Neuroscience	What is social about social perception?	RN 786192	£937.34
WT 12-13 065	Dr James Moore and Professor Paul Fletcher	Psychiatry	Elsevier	Consciousness and Cognition	Exploring implicit and explicit aspects of sense of agency	RN 786192	£2,330.13
WT 12-13 066	Dr Victoria Cambridge and Professor Paul Fletcher	Psychiatry	Elsevier	Biological Psychiatry	Neural and behavioural aspects of a novel mu opeid receptor antagonist in binge-eating obese people	RN 786205	£2,330.13
WT 12-13 067	Dr James Kirkbride	Psychiatry	Oxford University Press	Schizophrenia Bulletin	Social deprivation, inequality and the neighbourhood-level incidence of psychotic syndromes in East London	RN 785962	£2,040.00
WT 12-13 068	Dr James Woodcock	Institute of Public Health	Public Library of Science	PLoS One	Health Impact Modelling of Active Travel Visions for England and Wales using an Integrated Transport and Health Impact Modelling tool (ITHIM) 	SY 757801	£747.05
WT 12-13 069	Professor Andy Jones	Institute of Public Health	Elsevier	Health and Place	Is the environmental setting associated with the intensity and duration of children’s physical activity? Findings from the SPEEDY GPS study	SY 757801	£1,749.74
WT 12-13 070	Dr Angela Pinot de Moira	Pathology	Oxford University Press	The Journal of Infectious Diseases	Schistosoma mansoni infection in pre-school-aged children: the development of IgE and IgG4 responses to parasite allergen-like proteins	PK 756159	£2,040.00
WT 12-13 071	Professor Geoffrey Smith	Pathology	Society for General Microbiology	Journal of General Virology	Deletion of immunomodulator C6 from vaccine virus strain western reserve enhances virus immunogenicity and vaccine efficacy	PK 773705	£2,100.00
WT 12-13 072	Dr Thomas Burgoine	Institute of Public Health	BioMed Central	International Journal of Health Geographics	Comparing the accuracy of two secondary food environment data sources in the UK across socio-economic and urban/rural divides	SY 757801	£867.38
WT 12-13 073	Dr Kate Dry	Gurdon Institute	Landes Biosciences	Cell Cycle	ATM-dependent phosphorylation of heterogeneous nuclear ribonucleoprotein K promotes p53 transcriptional activation in response to DNA damage	PR 768435	£762.88
WT 12-13 074	Professor Mark Field	Pathology	American Society for Microbiology	Eukaryotic Cell	Evidence for recycling of invariant surface trans-membrane domain proteins in African trypanosomes	PK 765101	£2,316.16
WT 12-13 075	Dr Rhys Roberts	Cambridge Institute for Medical Research	Oxford University Press	Brain Online	The Charcot-Marie-Tooth diseases: how can we identify and develop novel therapeutic targets?	SD 756235	£1,700.00
WT 12-13 076	Florencia Cano	Cambridge Institute for Medical Research	Elsevier	Molecular Immunology	A novel post-transcriptional role for ubiquitin in the differential regulation of MHC class I allotypes	SC 756230	£2,307.23
WT 12-13 077	Professor Evan Reid	Cambridge Institute for Medical Research	Elsevier	Biochimica et Bioohysica Acta - Molecular Basis of Disease	The hereditary spastic paraplegia protein strumpellin: characterisation in neurons and of the effect of disease mutations on WASH complex assembly and function	SE 756227	£2,307.23
WT 12-13 078	Professor Mike Edwardson	Pharmacology	American Society for Biochemistry and Molecular Biology	Journal of Biological Chemistry	Visualization of structural changes accompanying activation of NMDA receptors using fast-scan AFM imaging	PL 756549 and PL 759897	£1,152.72
WT 12-13 079	K. Miyamoto and Professor John Gurdon	Gurdon Institute	Springer	Cellular and Molecular Life Sciences	Transcription regulation and nuclear reprograming: role of nuclear actin and actin binding proteins	PR 757258	£1,629.33
WT 12-13 080	Dr J Moore and Professor Paul Fletcher	Psychiatry	Frontiers Media	Frontiers in Perception Science	Attribution of intentional causation influences the perception of observed movements: behavioural evidence and neural correlates	RN 786228	£987.91
WT 12-13 081	Professor Colin Taylor	Pharmacology	Portland Press	The Biochemical Journal	Subtype-selective regulation of IP3 receptors by thimerosal via cysteine residues within the IP3-binding core and suppressor domain	PL 757280	£1,800.00
WT 12-13 082	Professor Colin Taylor	Pharmacology	Public Library of Science	PLoS One	Stimulation of inositol 1,4,5-triphosphate (IP3) receptors by analogues of IP3	PL 757279	£996.06
WT 12-13 083	Dr Kate Baker	Veterinary Medicine	American Society for Microbiology	Journal of Virology	Novel, potentially zoonotic paramyxoviruses from the African straw-coloured fruit bat (Eidolon helvum)	PN 760291	£1,549.44
WT 12-13 084	Dr David Hayman	Veterinary Medicine	Wiley-Blackwell	Zoonoses and Public Health	Ecology of zoonotic infectious diseases in bats: current knowledge and future directions	PN 761098 and PN 785688	£2,272.15
WT 12-13 085	Dr Thorold W. Theunissen	Gurdon Institute	Wiley-Blackwell	Stem Cells	Matrix remodelling maintains ESC self-renewal by activating Stat3	PR 776848	£1,551.49
WT 12-13 086	Dr Peter Lawrence	Zoology	Elsevier	Current Biology	Substrate-borne vibratory communication during courtship in Drosophila melanogaster	PF 763173	£3,213.28
WT 12-13 087	Dr Elaine Leong	History and Philosophy of Science	Wiley-Blackwell	Centaurus	Collecting knowledge for the family: recipes, gender and practical knowledge in the early modern English household	8822780-1	£2,292.03
WT 12-13 088	Dr Monique Gangloff	Biochemistry	International Union of Crystallography	Journal of Applied Crystallography	Liesegang-like patterns of Toll crystals grown in gel	PH 760002	£758.53
WT 12-13 089	Bertie Gottgens	Stem Cell Institute	Nature Publishing Group	Leukemia	Bivalent promoter marks and a latent enhancer may prime the leukaemia oncogene LMO1 for ectopic expression in T-cell leukaemia	PS 760303	£3,480.00
WT 12-13 090	Professor Mark Carrington	Biochemistry	National Academy of Sciences, USA	Proceedings of the National Academy of Sciences	Structure of the trypanosome haptoglobin haemoglobin receptor and implications for nutrient uptake and innate immunity	PH 761215	£759.30
WT 12-13 091	Dr James Woodcock	Institute of Public Health	American Public Health Association	American Journal of Public Health	Health co-benefits and transportation-related reductions in greenhouse gas emissions in the San Francisco bay area	SY 764364	£1,422.25
WT 12-13 092	Dr Folma Buss	Cambridge Institute for Medical Research	Future Science	Future Medicinal Chemistry	Small molecule inhibitors of myosin proteins	SG 761369	£2,040.00
WT 12-13 093	Dr David Owen	Cambridge Institute for Medical Research	Elsevier	Developmental Cell	Molecular basis for recognition of dilysine trafficking motifs by COPI	SG 761369	£3,845.38
WT 12-13 094	Dr Fiona Karet	Cambridge Institute for Medical Research	Oxford University Press	Nephrology Dialysis and Transplantation	Unexpected clinical sequelae of Gitelman syndrome: hypertension in adulthood is common and females have higher potassium requirements	SE 761472	£2,040.00
WT 12-13 095	Professor David Rubinsztein	Cambridge Institute for Medical Research	Nature Publishing Group	Nature Communications	The Hedgehog signalling pathway regulates autophagy	SE 761472	£3,642.00
WT 12-13 096	Dr Jessica M Boname	Cambridge Institute for Medical Research	Wiley-Blackwell	Traffic	Efficient internalization of MHC I requires lysine-11 and lysine-63 mixed linkage polyubiquitin chains	SC 761367 and SC 762046	£2,239.22
WT 12-13 097	Professor Trevor Robbins	Psychology	Society for Neuroscience	Journal of Neuroscience	Serotonin modulates striatal responses to fairness and retaliation in humans	PJ 762407 and PJ 768529	£1,915.92
WT 12-13 098	Dr Ben Luisi	Biochemistry	Elsevier	Journal of Molecular Biology	A “mechanistic” explanation of the multiple helical forms adopted by bacterial flagellar filaments	PH 762770	£2,455.82
WT 12-13 099	Dr Kirsten Corder	Institute of Public Health	Elsevier	Academy of Nutrition and Dietetics	Parent support and parent mediated behaviours are associated with children's sugary beverage consumption	SY 764364	£2,379.54
WT 12-13 100	Dr David Ogilvie	Institute of Public Health	Elsevier	Social Science and Medicine	Towards a differentiated understanding of active travel behaviour: Using social theory to explore everyday commuting	SY 764364	£1,189.77
WT 12-13 101	Dr David Ogilvie	Institute of Public Health	Elsevier	Social Science and Medicine	Healthy travel and the socio-economic structure of car commuting in Cambridge, UK: A mixed-methods analysis	SY 764364	£1,189.77
WT 12-13 102	Professor Trevor Robbins	Psychology	Springer	Psychopharmacology	Comparison of the conditioned reinforcing properties of a safety signal and appetitive stimulus: effects of d-amphetamine and anxiolytics	PJ 762463	£2,075.05
WT 12-13 103	Professor Chris Smith	Biochemistry	Oxford University Press	Nucleic Acids Research	MBNL1 and PTB cooperate to repress splicing of Tpm1 exon 3	PH 762815	£852.00
WT 12-13 104	Dr Kirsten Corder	Institute of Public Health	Elsevier	Preventive Medicine	Is wearing a pedometer associated with higher physical activity among adolescents?	SY 764364	£2,475.13
WT 12-13 105	Dr Ben Luisi	Biochemistry	Elsevier	Biochimica et Bioohysica Acta - Gene Regulatory Mechanisms	The social fabric of the RNA degradosome	PH 764349	£2,476.42
WT 12-13 106	Dr Anthony Khawaja	Public Health and Primary Care	BMJ Publishing Group	BMJ Open	The EPIC-Norfolk Eye Study: rationale, methods and a cross-sectional analysis of visual impairment in a population-based cohort	RH 764607	£1,620.00
WT 12-13 107	Professor Magdalena Zernicka-Goetz	Gurdon Institute	Elsevier	Cell Reports	Asymmetric localizatoin of Cdx2mRNA during the first cell fate decision in early mouse development	PR 765255	£3,836.32
WT 12-13 108	Professor Magdalena Zernicka-Goetz	Gurdon Institute	Nature Publishing Group	Nature Communications	Dynamics of anterior-posterior axis formation in the developing mouse embryo	PR 763642	£3,642.00
WT 12-13 109	Professor Azim Surani	Gurdon Institute	Royal Society	Philosophical Transactions B	DNA methylation dynamics during the mammalian life cycle	PR 763633	£2,040.00
WT 12-13 110	Professor Geoffrey Smith	Pathology	Public Library of Science	PLoS Pathogens	Poxvirus targeting of E3 ligase Beta-TrCP by molecular mimicry: A mechanism to inhibit Nf-?B activation	PK 764261	£1,784.65
WT 12-13 111	Professor Sarah Lummis	Biochemistry	Biophysical Society	Biophysical Journal	GABA binding to an insect GABA receptor: a molecular dynamics and mutagenesis study	PH 772636	£675.29
WT 12-13 112	Professor Sarah Lummis	Biochemistry	American Chemical Society	Journal of Medicinal Chemistry	Design, synthesis and structure-activity relationships of highly potent 5-HT3 receptor ligands	PH 772636	£750.66
WT 12-13 113	Professor Guy Brown	Biochemistry	American Society for Biochemistry and Molecular Biology	Journal of Biological Chemistry	Caspase inhibitors protect neurons by enabling selective necroptosis of inflamed microglia	PH 764954	£1,586.36
WT 12-13 114	Professor Ken Smith	Cambridge Institute for Medical Research	Nature Publishing Group	Kidney International	Leukocyte and serum S100A8/S100A9 expression reflects disease activity in ANCA-associated vasculitis and glomerulophritis	SC 772672	£2,400.00
WT 12-13 115	Professor Colin Taylor	Pharmacology	Public Library of Science	PLoS One	Stimulation of inositol 1,4,5-triphosphate (IP3) receptors by adenophostin and it analog	PL 764401 and PL 764934	£1,068.11
WT 12-13 116	Dr Bil Broadhurst	Biochemistry	Public Library of Science	PLoS One	Solution structure of the QUA1 dimerization domain of pXqua, the Xenopus ortholog of Quaking	PH 764971	£1,072.92
WT 12-13 117	Dr Andrew Firth	Pathology	Society for General Microbiology	Journal of General Virology	An essential RNA element resides in a central region of hepatitis E virus ORF2	PK 766758	£2,100.00
WT 12-13 118	Professor Marc Suhrcke	Institute of Public Health	Wiley-Blackwell	Obesity Reviews	Obesity and socioeconomic status in developing countries: a systematic review	SY 780092	£2,373.57
WT 12-13 119	Professor Marc Suhrcke	Institute of Public Health	Wiley-Blackwell	Health Economics	Are cardiovascular diseases bad for economic growth?		
WT 12-13 120	Dr David Ogilvie	Institute of Public Health	Elsevier	Lancet	The implications of megatrends in information and communication technology and transportation for changes in global physical activity		
WT 12-13 121	Dr David Ogilvie	Institute of Public Health	Elsevier	Applied Energy	Associations of individual, household and environmental characteristics with carbon dioxide emissions from motorised passenger travel	SY 769131	£2,377.65
WT 12-13 122	Dr David Ogilvie	Institute of Public Health	Sage Publishing	Qualitative Research	Picturing commuting: photovoice and seeking well-being in everyday travel	SY 769131	£480.00
WT 12-13 123	Dr David Ogilvie	Institute of Public Health	Elsevier	American Journal of Preventive Medicine	Physical activity and transitioning to retirement: a systematic review	SY 769131	£2,377.65
WT 12-13 124	Dr David Ogilvie	Institute of Public Health	Elsevier	Journal of Transport Geography	The factors influencing car use in a cycle-friendly city: the case of Cambridge	SY 769131	£1,188.83
WT 12-13 125	Dr David Ogilvie	Institute of Public Health	Elsevier	American Journal of Preventive Medicine	Financial incentives to promote active travel: an evidence review and economic framework	SY 769131	£2,377.65
WT 12-13 126	Dr David Ogilvie	Institute of Public Health	Elsevier	Preventive Medicine	Associations between active commuting and physical activity in working adults: cross sectional results from the Commuting and Health in Cambridge study	SY 769131	£1,188.83
WT 12-13 127	Dr David Ogilvie	Institute of Public Health	Elsevier	Preventive Medicine	Is active travel associated with greater physical activity? The contribution of commuting and non-commuting active travel to total physical activity in adults	SY 769131	£2,377.65
WT 12-13 128	Dr Graham Murray	Psychiatry	 American Psychiatric Association	American Journal of Psychiatry	Methamphetamine-induced disruption of frontostriatal reward learning signals: relation to psychotic symptoms	RN 786314	£2,351.73
WT 12-13 129	Professor Jim Kaufman	Pathology	National Academy of Sciences, USA	PNAS	Reversible epigenetic down-regulation of MHC molecules by devil facial tumour disease illustrates immune escape by a contagious cancer	PK 768698	£1,069.80
WT 12-13 130	Professor Mark Field	Pathology	Elsevier	Experimental Parasitology	Cell density-dependent ectopic expression in bloodstream form Trypanosoma brucei	PK 767298	£2,441.16
WT 12-13 131	Dr Roger Barker	Stem Cell Institute	BMJ Publishing Group	Journal of Neurology, Neurosurgery and Psychiatry	The long-term safety and efficacy of bilateral transplantation of human fetal striatal tissue in patients with mild to moderate Huntingdon’s disease	PS 768420	£2,040.00
WT 12-13 132	Dr Joseph Murray	Psychiatry	Wiley-Blackwell	Criminal Behavior and Mental Health	Testing the Cambridge Quality Checklists on a review of disrupted families and crime	RN 786287	£2,377.65
WT 12-13 133	Dr Kate Dry	Gurdon Institute	Landes Biosciences	Cell Cycle	Dma/RNF8 proteins are evolutionarily conserved E3 ubiquitin ligases that target septins	PR 768435	£804.61
WT 12-13 134	Dr Rafael Edgardo Carazo Salas	Gurdon Institute	Nature Publishing Group	Nature Communications	Spatial segregation of polarity factors into distinct cortical clusters is required for cell polarity control	PR 768369	£2,562.00
WT 12-13 135	Professor Austin Smith	Stem Cell Institute	Elsevier	Cell Journal	Exit from Pluripotency is Gated by Intracellular Redistribution of the bHLH transcription factor Tfe3	PS 768664	£4,041.05
WT 12-13 136	Professor Trevor Robbins	Psychology	Elsevier	Biological Psychiatry	Enhanced avoidance habit learning in obsessive-compulsive disorder	PJ 768609	£2,469.95
WT 12-13 137	Professor Trevor Robbins	Psychology	Elsevier	Biological Psychiatry	Counterfactual processing of economic action-outcome alternatives in obsessive-compulsive disorder: further evidence of impaired goal-directed behaviour	PJ 768612	£2,429.17
WT 12-13 138	Professor Trevor Robbins	Psychology	Springer	Psychopharmacology	Divergent effects of D(2/3) receptor activation in the nucleus accumbens core and shell on impulsivity and locomotor activity in high and low impulsive rats	PJ 768614	£1,142.79
WT 12-13 139	Professor John Gurdon	Gurdon Institute	Oxford University Press	Briefings in Functional Genomics	Epigenetic memory in the context of nuclear reprogramming and cancer	PR 768722	£2,100.00
WT 12-13 140	Professor Colin Taylor	Pharmacology	Public Library of Science	PLoS One	A bead aggregation assay for detection of low-affinity protein-protein interactions reveals interactions between N-terminal domains of inosital 1,4,5-trisphosphate receptors	PL 768377	£1,063.55
WT 12-13 141	Dr Lisa Saksida	Psychology	Society for Neuroscience	Journal of Neuroscience	Depletion of perineuronal nets enhances recognition memory and long-term depression in the perirhinal cortex	PJ 770194	£0.00
WT 12-13 142	Dr Daniel Davis	Public Health and Primary Care	Oxford University Press	Age and Ageing	Early diagnosis and treatment of HIV infection: magnitude of benefit is greatest in older adults	RH 769142	£2,040.00
WT 12-13 143	Dr Sian Pooley	Faculty of History	Taylor and Francis	The History of the Family	Parenthood, child-rearing and fertility in England, 1850-1914	JJ 773505	£2,316.79
WT 12-13 144	Dr Stephen Burgess	Public Health and Primary Care	Oxford University Press	American Journal of Epidemiology	Efficient design for Mendelian randomization studies: subsample and two-sample instrumental variable estimators	RH 776299	£1,700.00
WT 12-13 145	Dr David Franklin	Engineering	American Physiological Society	Journal of Neurophysiology	The effect of contextual cues on the encoding of motor memories	NA 769252 and NA 769690 (for tax)	£1,551.61
WT 12-13 146	Dr James Rowe	Clinical Neurosciences	Springer	Journal of Neurology	How often does music and rhythm improve patients' perception of motor symptoms in Parkinson's disease	RR 783125	£1,902.46
WT 12-13 147	Dr James Rowe	Clinical Neurosciences	Elsevier	Neuroimage	Dynamic causal modelling of effective connectivity from fMRI: are results reproducible and sensitive to Parkinson's disease and its treatment?	RR 783125	£2,100.54
WT 12-13 148	Dr James Rowe	Clinical Neurosciences	Elsevier	Neuroimage	Action selection: a race model for selected and non-selected actions distinguishes the contribution of premotor and prefrontal areas	RR 783125	£2,118.57
WT 12-13 149	Dr James Rowe	Clinical Neurosciences	Elsevier	Parkinsonism and Related Disorders	Coactivation sign in fixed dystonia	RR 783125	£2,251.56
WT 12-13 150	Dr James Rowe	Clinical Neurosciences	Oxford University Press	Brain Online	The functional neuroimaging correlates of psychogenic versus organic dystonia	RR 783125	£1,700.00
WT 12-13 151	Dr James Rowe	Clinical Neurosciences	Nature Publishing Group	Neuropsychopharmacology	Seratonin 2A receptors, citalopram and tryptophan - depletion: a multimodal imaging study of their interactions during response inhibition	RR 783125	£3,000.00
WT 12-13 152	Dr James Rowe	Clinical Neurosciences	BMJ Publishing Group	Journal of Neurology, Neurosurgery and Psychiatry	The Addenbrooke's cognitive examination for the differential diagnosis and longitudinal assessment of patients with Parkinsonian disorders	RR 783125	£2,040.00
WT 12-13 153	Dr James Rowe	Clinical Neurosciences	Oxford University Press	Brain Online	Magnetoencephalography of frontotemporal dementia: spationtemprally localized changes during semantic decisions	RR 783125	£2,040.00
WT 12-13 154	Dr James Rowe	Clinical Neurosciences	Oxford University Press	Cerebral Cortex Online	Preservation and choice in Parkinson's disease: the impact of progressive frontostriatal dysfunctoin on action decisions	RR 783125	£2,040.00
WT 12-13 155	Dr James Rowe	Clinical Neurosciences	Springer	Experimental Brain Research	Cue integration and the perception of action in intentional binding	RR 783125	£1,889.10
WT 12-13 156	Dr James Rowe	Clinical Neurosciences	Elsevier	Neurobiology of Disease	Saccadic latency in Parkinson's disease correlates with executive function and brain atrophy, but not motor severity. OR The val158met COMT polymorphism's effect on atrophy in healthy aging and Parkinson's disease	RR 783125	£2,218.55
WT 12-13 157	Dr James Rowe	Clinical Neurosciences	Oxford University Press	Brain Online	Social cognitive deficits and their neural correlates in progressive supranuclear palsy	RR 783125	£2,040.00
WT 12-13 158	Professor Sarah Lummis	Biochemistry	Wiley-Blackwell	British Journal of Pharmacology	Discriminating between 5-HT3A and 5-HT3AB receptors	PH 770381	£2,345.58
WT 12-13 159	Professor Tom Blundell	Biochemistry	Elsevier	Structure	Structure of the Catalytic Region of DNA Ligase IV in Complex with an Artemis Fragment Sheds Light on Double-Strand Break Repair	PH 770381	£4,072.42
WT 12-13 160	Dr Daniel Davis	Public Health and Primary Care	Elsevier	American Journal of Geriatric Psychiatry	The epidemiology of delirium: challenges and opportunities for population studies	RH 770922	£2,404.53
WT 12-13 161	Dr Lindsey Berends	Clinical Biochemistry	Nature Publishing Group	International Journal of Obesity	Catch-up growth following intra-uterine growth restriction programmes an insulin-resistant phenotype in adipose tissue	RG 770130	£3,000.00
WT 12-13 162	Dr Adrian Kelly	Pathology	Wiley-Blackwell	European Journal of Immunology	Ubiquitination of HLA-DO by MARCH family E3 ligases	PK 770553	£2,377.33
WT 12-13 163	Professor Geoffrey Smith	Pathology	American Society for Biochemistry and Molecular Biology	Journal of Biological Chemistry	Human and viral golgi anti-apoptotic protein (GAAP) oligomerize via different mechanisms and monomeric GAAP inhibits apoptosis and modulates calcium	PK 771204	£1,019.71
WT 12-13 164	Dr Kirsten Corder	Institute of Public Health	Elsevier	Preventive Medicine	Parent awareness of young children’s physical activity	SY 773017	£2,321.23
WT 12-13 165	Dr Kirsten Corder	Institute of Public Health	Elsevier	Journal of Nutrition Education and Behaviour	Examining multiple parenting behaviours on young children’s dietary fat consumption	SY 773017	£2,321.23
WT 12-13 166	Dr David Ogilvie	Institute of Public Health	Elsevier	Preventive Medicine	Incorporating walking or cycling into car journeys to and from work: the role of individual, workplace and environmental characteristics	SY 773017	£1,160.62
WT 12-13 167	Dr David Ogilvie	Institute of Public Health	American Psychological Association	Health Psychology	Behavior change techniques used to promote walking and cycling: a systematic review	SY 773017 and SY 786800	£3,188.30
WT 12-13 168	Professor Andy Jones	CEDAR	Oxford University Press	European Journal of Public Health	Family and home influences on children's after-school and weekend physical activity	SY 773017	£1,800.00
WT 12-13 169	Professor Andy Jones	CEDAR	Elsevier	Public Health	Association between diet and physical activity and sedentary behaviours in 9-10 year old British White children	SY 773017	£2,321.23
WT 12-13 170	Professor Colin Taylor	Pharmacology	Portland Press	Biochemical Journal	Three dimensional structure of recombinant type 1 inositol 1,4,5-trisphosphate receptor	PL 770532	£1,800.00
WT 12-13 171	Professor Colin Taylor	Pharmacology	Portland Press	Biochemical Journal	Activation of IP3 receptors requires an endogenous 1-8-14 calmodulin-binding motif	PL 770534	£1,800.00
WT 12-13 172	Professor Barbara Sahakian	Psychiatry	Elsevier	Neuroscience and Behavioural Reviews	Innovative solutions to novel drug development in mental health	RN 785854	£2,413.80
WT 12-13 173	Dr Susan Ozanne	Clinical Biochemistry	The Endocrine Society	Endocrinology	The programming of cardiac hypertrophy in the offspring by maternal obesity is associated with hyperinsulinemia, AKT, ERK and mTOR activation	RG 769717	£1,864.86
WT 12-13 174	Dr John McCafferty	Biochemistry	Elsevier	Methods	Claim for tax on 2011-12 claim WT 11-12 168	PH 771030	£369.46
WT 12-13 175	Dr Sharon Morein-Zamir & Dr Karen Ersche	Psychiatry	Nature Publishing Group	Neuropsychopharmacology	Prefontal hyperactivity associated with impaired inhibition in stimulant-dependant individuals but evidence for hyperactivation in their unaffected siblings	RN 785786	£1,500.00
WT 12-13 176	Dr Brian Hendrich	Stem Cell Institute	Portland Press	Biochemical Society Transactions	CHD4 in the DNA-damage response and cell-cycle progression: not so NuRDy now	PS 772949	£2,100.00
WT 12-13 177	Dr David David Humphreys	Institute of Public Health	Elsevier	Preventive Medicine	Associations between active commuting and physical and mental wellbeing	SY 775878	£1,273.15
WT 12-13 178	Professor Mark Field	Pathology	Elsevier	Molecular Phylogenetics and Evolution	Adaptin evolution in kinetoplastids and emergence of the variant surface glycoprotein coat in African trypanosomatids	PK 772593	£2,424.03
WT 12-13 179	Dr Berthold Gottgens	Stem Cell Institute	Nature Publishing Group	Oncogene	Hox-mediated lmo2 expression in embryonic mesoderm is recapitulated in acute leukaemias	PS 772947	£3,360.00
WT 12-13 180	Professor Fiona Gribble	Clinical Biochemistry	Springer	Diabetologia	Colocalisation and secretion of glucagon-like peptide-1 and peptide YY from promary cultutred human L-cells	SG 772677	£2,211.52
WT 12-13 181	Professor Paul Fletcher and Dr P Corlett	Psychiatry	Public Library of Science	PLoS One	Ketamine effects on memory reconsolidation favour a learning model of delusions	RN 786253	£1,044.55
WT 12-13 182	Professor Colin Taylor	Pharmacology	Public Library of Science	PLoS One	Identification and analysis of putative homologues of mechanosensitive channels in pathogenic protozoa	PL 772897	£1,041.66
WT 12-13 183	Professor Geoffrey Smith	Pathology	Society for General Microbiology	Journal of General Virology	Vaccinia virus protein C4 inhibits NF-kB activation and promotes virus virulence	PK 752926	£1,750.00
WT 12-13 184	Dr Clare Baker	Physiology, Development and Neuroscience	Company of Biologists	Biology Open	Olfactory ensheathing glia are required for embryonic olfactory axon targeting and the migration of gonadotrophin-releasing hormone neurons	PM 784685	£1,044.00
WT 12-13 185	Professor Geoffrey Smith	Pathology	Society for General Microbiology	Journal of General Virology	Protein B5 is required on extracellular enveloped vaccinia virus for repulsion of superinfecting virions	PK 773977	£2,100.00
WT 12-13 186	Jenny Bangham	History and Philosophy of Science	Cambridge University Press	British Journal for the History of Science	Writing, printing, speaking: Rhesus blood-group genetics and nomenclatures in the mid-twentieth century	JN 783605	£1,695.00
WT 12-13 187	Dr Andrew Firth	Pathology	Elsevier	Virology	An essential fifth coding ORF in the sobemoviruses	PK 785144	£1,435.05
WT 12-13 188	Professor Chris Huang	Physiology, Development and Neuroscience	BMJ Publishing Group	Postgraduate Medical Journal	Antithrombotic therapy in atrial fibrillation: aspirin is rarely the right choice	PM 784608	£2,040.00
WT 12-13 189	Professor Jim Kaufman	Pathology	Springer	Immunogenetics	The peptide motif of the single dominantly-expressed class I molecule of the chicken MHC can explain the response to a molecular defined vaccine of infectious bursal disease virus (IBDV)	PK 774643	£2,211.52
WT 12-13 190	Dr Stephen Burgess	Public Health and Primary Care	Wiley-Blackwell	Statistics in Medicine	Combining multiple imputation and meta-analysis with individual participant data	RH 777760	£791.19
WT 12-13 191	Professor Tim Eisen	Oncology	Elsevier	Seminars in Oncology	Adjuvant therapy in renal cell carcinoma - past, present, and future	RD 775316	£2,379.79
WT 12-13 192	Dr Midori Harris	Biochemistry	Oxford University Press	Bioinformatics	FYPO: the fission yeast phenotype ontology	PH 775133	£2,100.00
WT 12-13 193	Professor Colin Taylor	Pharmacology	National Academy of Sciences, USA	Proceedings of the National Academy of Sciences	CaBP1, a neuronal Ca2+ sensor protein, inhibits inositol trisphosphate receptors by clamping intersubunit interactions	PL 775926	£786.98
WT 12-13 194	Professor Azim Surani	Gurdon Institute	Nature Publishing Group	EMBO reports	Prdm14 promotes germline fate and naïve pluripotency by7 repressing FGF signalling and DNA methylation	PR 774666	£3,120.00
WT 12-13 195	Professor Andrea Brand	Gurdon Institute	Springer	Development Genes and Evolution	Snail-dependant repression of the RhoGEF pebble is required for gastrulation consistency in Drosophila melanogaster	PR 774663	£2,230.10
WT 12-13 196	Dr David Ogilvie	Institute of Public Health	BioMed Central	Public Health	Walking and cycling to work despite reporting an unsupportive environment: insights from a mixed-method exploration of resilience	SY 779705	£384.00
WT 12-13 197	Dr David Ogilvie	Institute of Public Health	Public Library of Science	PLoS One	Neighbourhood, route and workplace-related environmental characteristics predict adults' mode of travel to work	SY 779705	£214.74
WT 12-13 198	Dr Pablo Monsivais	Institute of Public Health	BMJ Publishing Group	Journal of Epidemiology and Community Health	Economic determinants of diet in older adults: systematic review	SY 779705	£1,755.00
WT 12-13 199	Dr Randy Read	CIMR Haematology	International Union of Crystallography	Acta Crystallographica Section D: Biological Crystallography	Intensity statistics in the presence of translational non-crystallographic symmetry	SB 775432	£773.74
WT 12-13 200	Professor Fiona Karet	CIMR Medical Genetics	Oxford University Press	Nephrology Dialysis Transplantation	Unexpected clinical sequelae of Gitelman syndrome: hypertension in adulthood is common and females have higher potassium requirements		£0.00
WT 12-13 201	Professor Fiona Karet	CIMR Medical Genetics	Springer	Urolithiasis	Accuracy of urine pH testing in a regional metabolic renal clinic: is the dipstick accurate enough?	SE 777216	£1,112.40
WT 12-13 202	Professor John Todd	CIMR Medical Genetics	Wiley-Blackwell	Diabetic Medicine	HLA class II gene associations in African American type 1 diabetes reveal a protective HLA-DRB*03 haplotype	SE 777216	£2,377.66
WT 12-13 203	Professor John Todd	CIMR Medical Genetics	Public Library of Science	PLoS One	Functional IL6R 368Ala allele impairs classical IL-6 receptor signalling and influences risk of diverse inflammatory diseases	SE 777216	£1,785.36
WT 12-13 204	Dr Joseph Murray	Psychiatry	Springer	Social Psychiatry and Psychiatric Epidemiology	Epidemiology of childhood conduct problems in Brazil: systematic review and meta-analysis	RN 786294	£2,274.49
WT 12-13 205	Dr Alice Reid	Geography	Cambridge University Press	Medical History	Mrs Killer and Dr Crook: birth attendants and birth outcomes in early twentieth century Derbyshire	LC 777731	£510.00
WT 12-13 206	Professor Michael Akam	Zoology	Company of Biologists	Development	"Cell and tissue dynamics during
Tribolium castaneum embryogenesis revealed by versatile fluorescence labeling approaches"	PF 786282	£2,400.00
WT 12-13 207	Dr Kirsten Corder	Institute of Public Health	BioMed Central	International Journal of Behavioral Nutrition and Physical Activity	Do predictors of change differ for moderate and vigorous intensity physical activity and for weekdays and weekends? A longitudinal analysis	SY 779705	£719.97
WT 12-13 208	Dr Andy Aitkin	Institute of Public Health	Public Library of Science	PLoS One	Determinants of change in children's sedentary time	SY 779705	£741.35
WT 12-13 209	Dr Shabina Hayat	Public Health and Primary Care	Oxford University Press	International Journal of Epidemiology	Cohort Profile: - A prospective cohort study of objective physical and cognitive capability and visual health in an ageing population of men and women in Norfolk (EPIC-Norfolk 3)	RH 781468	£2,400.00
WT 12-13 210	Professor Peter Lawrance	Zoology	Elsevier	Developmental Biology	The mechanisms of planar cell polarity, growth and the Hippo pathway: Some known unknowns	PF 786286	£1,981.38
WT 12-13 211	Marta Teperek	Gurdon Institute	Springer	Reproductive Medicine and Biology	Nuclear reprogramming of sperm and somatic nuclei in eggs and oocytes	PR 778435	£2,242.99
WT 12-13 212	Dr Romain Volmer	Clinical Biochemistry	National Academy of Sciences	PNAS	Membrane lipid saturation activates endoplasmic reticulum unfolded protein response transducers through their transmembrane domains	RG 776274	£667.74
WT 12-13 213	Professor Sarah Lummis	Biochemistry	American Chemical Society	Journal of Medicinal Chemistry	Toward biophysical probes for the 5-HT3 receptor: structure-activity relationship study of granisetron derivatives	PH 777837	£572.74
WT 12-13 214	Dr Christof Schwiening	Physiology, Development and Neuroscience	Wiley-Blackwell	Synapse	Presynaptic pH and vesicle fusion in Drosophila larvae neurones	PM 784685	£1,961.68
WT 12-13 215	Professor Mark Field	Pathology	Wiley-Blackwell	Traffic	Proteomic analysis of clathrin interactions in trypanosomes reveals dynamic evolution of endocytosis	PK 778299	£2,377.65
WT 12-13 216	Professor Colin Taylor	Pharmacology	Wiley-Blackwell	British Journal of Pharmacology	Ca2+ signals evoked by histamine H1 receptors are attenuated by activation of prostaglandin EP2 and EP4 receptors in human aortic smooth muscle cells	PL 776858	£2,373.57
WT 12-13 217	Dr Julie Ahringer	Gurdon Institute	Public Library of Science	PLoS One	Duplication and retention biases of essential and non-essential genes revealed by systematic knockdown	PR 777275	£1,775.50
WT 12-13 218	Dr Rohan Deb Roy	History and Philosophy of Science	Taylor and Francis	South Asian History and Culture	Quinine, Mosquitoes and Empire: Reassembling Malaria in British India	JN 780292	£2,145.60
WT 12-13 219	Professor Michael Akam	Zoology	Elsevier	Developmental Biology	"Evolution of the pair rule gene network:
insights from a centipede"		£1,440.04
WT 12-13 220	Dr Nicholas Bexfield	Veterinary Medicine	Wiley-Blackwell	Journal of Viral Hepatitis	Canine hepacivirus is not associated with chronic liver disease in dogs	PN 785685	£2,350.49
WT 12-13 221	Dr Anton Wutz	Stem Cell Institute	Nature Publishing Group	Oncogene	SATB1 collaborates with loss of p16 in cellular transformation	PS 780143	£2,774.45
WT 12-13 222	Dr Michaela Frye	Stem Cell Institute	American Society for Microbiology	Molecular and Cellular Biology	The mouse cytosine-5 RNA methyltranferase Nsun2 is a component of the chromatoid body and required for testis differentiation	PS 780140	£2,363.45
WT 12-13 223	Dr Ilias Kazanis	Veterinary Medicine	Elsevier	Experimental Neurology	The late response of rat subependymal zone stem and progenitor cells to stroke is restricted to directly affected areas of their niche	PN 785678	£1,771.93
WT 12-13 224	Professor Austin Smith	Stem Cell Institute	Cell Press	Stem Cell Reports	Rebuilding pluripotency from primordial germ cells	PS 780235	£2,340.55
WT 12-13 225	Professor Trevor Robbins	Psychology	Springer	Psychopharmacology	Noradrenergic  versus dopaminergic modulation of impulsivity, attention and monitoring behaviour in rats performing the stop-signal task: possible relevance to ADHD	PJ 781078	£2,265.88
WT 12-13 226	Professor Mike Edwardson	Pharmacology	American Society for Biochemistry and Molecular Biology	Journal of Biological Chemistry	α-Amino-3-hydroxy-5-methyl-4-isoxazole propionic acid (AMPA) and N-methyl-D-aspartate (NMDA) receptors adopt different subunit arrangements.	PL 780125	£1,166.85
WT 12-13 227	Professor Chris Huang	Physiology, Development and Neuroscience	Wiley-Blackwell	Journal of Physiology	Action potential wavelength restitution predicts alternans and arrhythmia in murine Scn5a+/- hearts	PM 784685	£2,013.83
WT 12-13 228	Dr Lisa Saksida	Psychology	Elsevier	Neurobiology of Learning and Memory	Dissociation between memory retention across a delay and pattern separation following medial prefrontal cortex lesions in the touchscreen TUNL task	PJ 781183	£2,397.64
WT 12-13 229	Dr Daniel Davis	Public Health and Primary Care	Cambridge University Press	International Psychogeriatrics	Consensus and Variations in Opinions on Delirium Care: a Survey of European Delirium Specialists		£2,034.00
WT 12-13 230	Professor Mark Carrington	Biochemistry	Public Library of Science	PLoS Pathogens	Determinants of GPI-PLC localisation to the flagellum, and access to GPI-anchored substrates in trypanosomes	PH 782465	£1,817.87
WT 12-13 231	Dr Louise Boyle	Pathology	National Academy of Sciences	Proceedings of the National Academy of Sciences	Tapasin-related protein TAPBPR is an additional component of the MHC class I presentation pathway	SH 781893	£792.00
WT 12-13 232	Dr Nick Hopwood	History and Philosophy of Science	Oxford University Press	History Workshop Journal	A marble embryo: meanings of a portrait from 1900	JN 782724	£2,100.00
WT 12-13 233	Professor Geoffrey Smith	Pathology	Society for General Microbiology	Journal of General Virology	Vaccinia virus protein N2 is a nuclear IRF3 inhibitor that promotes virulence	PK 783068	£1,575.00
WT 12-13 234	Professor Michael Akam	Zoology	BioMed Central	EvoDevo	Early embryonic determination of the sexual dimorphism in segment number in geophilomorph centipedes	PF 786243	£1,564.50
WT 12-13 235	Professor Magdalena Zernicka-Goetz	Gurdon Institute	Nature Publishing Group	Nature Communications	Angiomotin prevents pluripotent lineage differentiation in mouse embryos via Hippo pathway dependent and independent mechanisms	PR 782377	£3,780.00
WT 12-13 236	Professor Sir John Gurdon	Gurdon Institute	Elsevier	Trends in Genetics	Epigenetic factors influencing resistance to nuclear reprogramming	PR 782311	£2,368.11
WT 12-13 237	Dr Nancy Standart	Biochemistry	Public Library of Science	PLoS One	Investigating the consequences of eIF4E2 (4EHP) interaction with 4E-Transporter on its cellular distribution in HeLa cells	PH 787847	£1,047.02
WT 12-13 238	Dr Gos Micklem	Genetics	Oxford University Press	Database	"metabolicMine: an integrated
genomics, genetics and proteomics
data warehouse for common
metabolic disease research"	PC 784052	£960.00
WT 12-13 239	Professor Austin Smith	Stem Cell Institute	Nature Publishing Group	EMBO Journal	Identification of the missing pluripotency mediator downstream of leukaemia inhibitory factor	PS 783787	£3,120.00
WT 12-13 240	Dr Stephen Burgess	Public Health and Primary Care	Oxford University Press	International Journal of Epidemiology	Use of allele scores as instrumental variables for Mendelian randomization	RH 783934	£2,400.00
WT 12-13 241	Dr Barbara Blacklaws	Veterinary Medicine	Public Library of Science	PLoS One	Molecular characterization of poxviruses associated with tattoo skin lesions in UK cetaceans	PN 809629	£441.17
WT 12-13 242	Wolfram Scultz	Physiology, Development and Neuroscience	Elsevier	Current Opinions in Neurobiology	Updating dopamine reward signals	PM 784685	£2,429.17
WT 12-13 243	Professor Sarah Bray	Physiology, Development and Neuroscience	Nature Publishing Group	EMBO Journal	Dissecting the mechanisms of Notch induced hyperplasia	PM 784685	£3,120.00
WT 12-13 244	Professor Richard Farndale	Biochemistry	Public Library of Science	PLoS One	An activating mutation reveals a second binding mode of the integrin Î±2 I domain to the GFOGER motif in collagens	PH 785811	£1,076.94
WT 12-13 245	Dr Hashim Ziauddeen	Psychiatry	Journal of Visualized Experiments	Journal of Visualized Experiments	Studying food reward processing in humans		£1,160.99
WT 12-13 246	Dr David Franklin	Engineering	Society for Neuroscience	Journal of Neuroscience	The temporal evolution of feedback gains rapidly update to task demands	NA 780300 and NA 787117	£2,069.75
WT 12-13 247	Dr Adrian Schreyer	Biochemistry	Oxford University Press	Database	CREDO: a structural interactomics database for drug discovery	PH 794041	£960.00
WT 12-13 248	Dr Michaela Frye	Stem Cell Institute	Elsevier	Cell Reports	NSun2-Mediated Cytosine-5 Methylation of Vault Noncoding RNA Determines Its Processing into Regulatory Small RNAs		£3,927.76
WT 12-13 249	Professor Anne Ferguson-Smith	Genetics	Elsevier	Cell Metabolism	Imprinted gene dosage is critical for the transition to independent life		£3,930.95
WT 12-13 250	Dr Tom Monie	Biochemistry	Public Library of Science	PLoS One	The N-terminal region of the human autophagy protein ATG16L1 contains a domain that folds into a helical structure consistent with formation of a coiled-coil	PH 789622	£1,046.74
WT 12-13 251	Professor David Rubinsztein	Cambridge Institute for Medical Research	Oxford University Press	Human Molecular Genetics	IGF-1 receptor antagonism inhibits autophagy	SE 787630	£2,100.00
WT 12-13 252	Professor David Rubinsztein	Cambridge Institute for Medical Research	Oxford University Press	Human Molecular Genetics	Myc inhibition impairs autophagosome formation	SE 787630	£2,100.00
WT 12-13 253	Dr Philip Stevenson	Pathology	Elsevier	Journal of Virology	Herpes simplex virus 1 targets the murine olfactory neuroepithelium for host entry	PK 787633	£1,577.90
WT 12-13 254	Dr Philip Stevenson	Pathology	Elsevier	Journal of Virology	Glycoprotein B cleavage is important for murid herpesvirus 4 to infect myeloid cells	PK 787635	£1,577.91
WT 12-13 255	Professor Geoffrey Smith	Pathology	Public Library of Science	PLoS Pathogens	A mechanism for inhibition of DNA-PK-mediated DNA sensing by a virus	PK 787636	£1,758.16
WT 12-13 256	Dr Daniel Davis	Public Health and Primary Care	Oxford University Press	Age and Ageing	New horisons in the pathogenesis, assessment and management of delirium	RH 793012	£1,695.00
WT 12-13 257	Dr Hisham Ziauddeen	Psychiatry	Elsevier	Drug Discovery Today	CNS biomarkers in anti-obesity drug development		£2,402.00
WT 12-13 258	Professor Ashley Moffett	Pathology	Springer	Immunogenetics	Killer cell immunoglobin-like receptor (KIR) genes and their HLA-C ligands in a Ugandan population	PK 789774	£2,240.86
WT 12-13 259	Dr Kirsten Corder	Institute of Public Health	Wiley-Blackwell	Pediatric Obesity	Childhood obesity prevention and control in city recreation centers and family homes: the MOVE/me Muevo Project	SY 792003	£2,320.19
WT 12-13 260	Dr Pablo Monsivais	Institute of Public Health	Elsevier	Nutrition Research	Food pattern modelling shows that the 2010 dietary guidelines for sodium and potassium cannot be met simultaneously	SY 792003	£2,305.92
WT 12-13 261	Dr Pablo Monsivais	Institute of Public Health	Nature Publishing Group	European Journal of Clinical Nutrition	Measuring diet cost at the individual level: A comparison of three methods	SY 792003	£2,520.00
WT 12-13 262	Dr Michael Irvine	Psychiatry	Public Library of Science	PLoS One	Impaired decisional impulsivity in pathological videogamers		£1,024.27
WT 12-13 263	Dr Tereza Cindrova-Davies	Physiology, Development and Neuroscience	Elsevier	Placenta	Expression and immunolocalisation of the endocytic receptors megalin and cubilin in the human yolk sac and placenta across gestation		£2,276.15
WT 12-13 264	Professor Chris Rudd	Pathology	American Society for Biochemistry and Molecular Biology	Journal of Biological Chemistry	SLP-76 sterile alpha motif (SAM) and individual H alpha helix mediates oligomer formation for microclusters and T-cell activation	PK 790841	£1,160.09
WT 12-13 265	Dr Francis Jiggins	Genetics	Public Library of Science	PLoS Genetics	Wolbachia variants induce differential protection to viruses in Drosophila melanogaster		£1,697.60
WT 12-13 266	Professor Sarah Lummis	Biochemistry	Wiley-Blackwell	British Jounal of Pharmacology	A single channel mutation alters agonist efficacy at  5-HT3A and 5-HT3AB receptors	PH 790717	£2,268.41
WT 12-13 267	Professor Randy J Read	Cambridge Institute for Medical Research	The Endocrine Society	Journal of Clinical Endocrinology and Metabolism	How changes in affinity of corticosteroid-binding globulin modulate free cortisol concentration	SB 790331	£2,320.00
WT 12-13 268	Dr Markus Ralser	Biochemistry	Nature Publishing Group	EMBO reports	Metabolite export controls cell cycle progression and times protein expression during the oxidative stress response	PH 797309	£3,120.00
WT 12-13 269	Dr Damian C Crowther	Genetics	Elsevier	BBA Molecular Basis of Disease	Suppression of Aβ toxicity by puromycin-sensitive aminopeptidase is independent of its proteolytic activity		£1,773.79
WT 12-13 270	Dr Victoria Keevil	Public Health and Primary Care	BioMed Central	BMC Genetics	The physical capability of community-based mend and women from a British cohort: the European Prospective Investigation into Cancer (EPIC)-Norfolk study	RH 790798	£1,375.80
WT 12-13 271	Dr Edward Farnell	Pathology	Elsevier	FEBS Letters	Triose phosphate isomerase from the blood fluke Schistosoma mansoni: Biochemical characterisation of a potential drug and vaccine target		£1,860.00
